{"cameraMode":{"drawMode":0,"name":"Shaded","section":"Shading Mode"},"sceneLighting":true,"audioPlay":false,"sceneViewState":{"m_AlwaysRefresh":false,"showFog":true,"showSkybox":true,"showFlares":true,"showImageEffects":true,"showParticleSystems":true,"showVisualEffectGraphs":true,"m_FxEnabled":true},"in2DMode":false,"pivot":{"x":-0.9897006154060364,"y":1.4283602237701417,"z":-99.89168548583985},"rotation":{"x":-0.034485530108213428,"y":0.012904672883450985,"z":-0.0004122706886846572,"w":-0.9993386268615723},"size":12.12435531616211,"orthographic":true}