{"cameraMode":{"drawMode":0,"name":"Shaded","section":"Shading Mode"},"sceneLighting":true,"audioPlay":false,"sceneViewState":{"m_AlwaysRefresh":false,"showFog":true,"showSkybox":true,"showFlares":true,"showImageEffects":true,"showParticleSystems":true,"showVisualEffectGraphs":true,"m_FxEnabled":true},"in2DMode":false,"pivot":{"x":-2.007265329360962,"y":1.7017672061920167,"z":-64.72296905517578},"rotation":{"x":-0.01199315395206213,"y":0.015910202637314798,"z":-0.00015775776410009712,"w":-0.9998180270195007},"size":12.12435531616211,"orthographic":true}